,Model Type,r2,MAE,MSE
0,Extra Trees,0.9679976844922942,0.0876818854285444,1.553937340949016
1,KNN,0.9444277413825273,0.26852094103307744,1.553937340949016
2,Gradient Boosting,0.9752791629587314,0.11976681431060143,1.219333430603357
3,Averaged Ensemble,0.9670105053537362,0.14361931834631575,1.5601173572978737
4,Stacked Ensemble w/ LR,0.9637698778255738,0.2234938390027093,0.2234938390027093
