,R^2,MAE,MSQ
Extra Trees,0.9985626988472287,0.027357512953423105,0.04193950777202178
KNN,0.9563560073464852,0.23652849740932733,1.2735031663788143
Gradient Boosting,0.9322417557564652,0.19440543132762717,1.9771412592211919
Layer 2 Averaging,0.9799917901274181,0.13087297405673987,0.58382648050998
